{
  "annotations": {
    "list": [
      {
        "builtIn": 1,
        "datasource": "-- Grafana --",
        "enable": true,
        "hide": true,
        "iconColor": "rgba(0, 211, 255, 1)",
        "name": "Annotations & Alerts",
        "type": "dashboard"
      }
    ]
  },
  "editable": true,
  "gnetId": null,
  "graphTooltip": 0,
  "id": 44,
  "links": [],
  "panels": [
    {
      "datasource": null,
      "fieldConfig": {
        "defaults": {
          "custom": {},
          "mappings": [
            {
              "from": "",
              "id": 0,
              "operator": "",
              "text": "😀",
              "to": "",
              "type": 1,
              "value": "1"
            },
            {
              "from": "",
              "id": 1,
              "operator": "",
              "text": "🙄",
              "to": "",
              "type": 1,
              "value": "2"
            },
            {
              "from": "",
              "id": 2,
              "operator": "",
              "text": "😡",
              "to": "",
              "type": 1,
              "value": "3"
            },
            {
              "from": "",
              "id": 3,
              "operator": "",
              "text": "Err",
              "to": "",
              "type": 1,
              "value": "0"
            }
          ],
          "max": 3,
          "min": 0,
          "thresholds": {
            "mode": "absolute",
            "steps": [
              {
                "color": "rgb(255, 255, 255)",
                "value": null
              },
              {
                "color": "dark-blue",
                "value": 0.1
              },
              {
                "color": "semi-dark-orange",
                "value": 1.1
              },
              {
                "color": "semi-dark-red",
                "value": 2.1
              }
            ]
          }
        },
        "overrides": []
      },
      "gridPos": {
        "h": 20,
        "w": 24,
        "x": 0,
        "y": 0
      },
      "id": 2,
      "options": {
        "colorMode": "background",
        "graphMode": "none",
        "justifyMode": "center",
        "orientation": "auto",
        "reduceOptions": {
          "calcs": [
            "last"
          ],
          "values": false
        }
      },
      "pluginVersion": "7.0.1",
      "targets": [
        {
          "application": {
            "filter": "Site"
          },
          "functions": [],
          "group": {
            "filter": "DownDetector"
          },
          "host": {
            "filter": "DownDetector"
          },
          "item": {
            "filter": "/.*/"
          },
          "options": {
            "showDisabledItems": false,
            "skipEmptyValues": false
          },
          "proxy": {
            "filter": ""
          },
          "queryType": 0,
          "refId": "A",
          "resultFormat": "time_series",
          "table": {
            "skipEmptyValues": false
          },
          "tags": {
            "filter": ""
          },
          "trigger": {
            "filter": ""
          },
          "triggers": {
            "acknowledged": 2,
            "count": true,
            "minSeverity": 3
          }
        }
      ],
      "timeFrom": null,
      "timeShift": null,
      "title": "DOWNDETECTOR",
      "transparent": true,
      "type": "stat"
    }
  ],
  "refresh": "5m",
  "schemaVersion": 25,
  "style": "dark",
  "tags": [],
  "templating": {
    "list": []
  },
  "time": {
    "from": "now-6h",
    "to": "now"
  },
  "timepicker": {},
  "timezone": "",
  "title": "Downdetector All",
  "uid": "7QMpxniGk",
  "version": 6
}